fold,rmse_naive,rmse_seasonal24,val_rows
fold1,23.16925524243731,91.35468076591219,695
fold2,19.75779816263174,69.4526711467008,680
fold3,12.996336480130156,59.61574890947457,693
