feature,corr,abs_corr
Iws,-0.3750036680218475,0.3750036680218475
DEWP,0.34856354359564007,0.34856354359564007
PRES,-0.19664801595036688,0.19664801595036688
TEMP,0.06376560438423155,0.06376560438423155
Is,0.04827888445520873,0.04827888445520873
Ir,0.001528996686631468,0.001528996686631468
